City_ID,City,Country,Date,Lat,Lng,Max Temp,Humidity,Cloudiness,Wind Speed
0,Hilo,US,2022-07-08 19:34:56,19.7297,-155.09,91.27,63,0,4.61
1,Sovetskiy,RU,2022-07-08 19:34:56,61.3614,63.5842,68.02,69,74,5.44
2,Douentza,ML,2022-07-08 19:34:56,14.9951,-2.9517,99.14,22,38,1.41
3,Tuktoyaktuk,CA,2022-07-08 19:34:56,69.4541,-133.0374,77.0,61,40,6.91
4,Whitehorse,CA,2022-07-08 19:32:09,60.7161,-135.0538,68.09,42,75,9.22
5,Avarua,CK,2022-07-08 19:34:57,-21.2078,-159.775,73.45,60,20,9.22
6,Neiafu,TO,2022-07-08 19:34:57,-18.65,-173.9833,75.88,83,40,8.05
7,Chokurdakh,RU,2022-07-08 19:34:57,70.6333,147.9167,44.65,68,72,13.96
8,Tura,IN,2022-07-08 19:34:58,25.5198,90.2201,75.16,95,10,5.12
9,Hithadhoo,MV,2022-07-08 19:34:58,-0.6,73.0833,82.13,75,99,5.46
10,Port Hedland,AU,2022-07-08 19:34:58,-20.3167,118.5667,51.85,40,0,9.22
11,Mount Pleasant,US,2022-07-08 19:31:37,32.7941,-79.8626,91.54,76,20,11.5
12,Mildura,AU,2022-07-08 19:34:59,-34.2,142.15,39.07,100,100,3.44
13,Aleksandrov Gay,RU,2022-07-08 19:34:59,50.147,48.5704,77.09,44,0,8.1
14,Padang,ID,2022-07-08 19:34:59,-0.9492,100.3543,77.22,84,100,2.64
15,Doda,IN,2022-07-08 19:34:59,33.1333,75.5667,76.93,90,53,2.3
16,Itarema,BR,2022-07-08 19:35:00,-2.9248,-39.9167,81.07,75,0,15.86
17,Beringovskiy,RU,2022-07-08 19:35:00,63.05,179.3167,50.23,85,75,12.39
18,Barentu,ER,2022-07-08 19:35:00,15.1139,37.5928,72.34,77,100,8.63
19,Busselton,AU,2022-07-08 19:35:01,-33.65,115.3333,64.27,82,100,19.95
20,Mataura,NZ,2022-07-08 19:35:01,-46.1927,168.8643,44.47,96,100,7.27
21,Rikitea,PF,2022-07-08 19:34:33,-23.1203,-134.9692,74.59,77,84,22.88
22,Punta Arenas,CL,2022-07-08 19:34:20,-53.15,-70.9167,33.91,93,100,9.22
23,Cape Town,ZA,2022-07-08 19:31:25,-33.9258,18.4232,60.39,74,0,3.0
24,Hermanus,ZA,2022-07-08 19:35:01,-34.4187,19.2345,54.81,70,0,7.9
25,Jalgaon,IN,2022-07-08 19:35:02,21.0167,75.5667,78.89,82,100,14.18
26,Nome,US,2022-07-08 19:35:02,64.5011,-165.4064,64.17,93,20,8.05
27,Dikson,RU,2022-07-08 19:35:03,73.5069,80.5464,34.23,97,100,5.61
28,Barrow,US,2022-07-08 19:35:03,71.2906,-156.7887,41.02,87,40,11.5
29,Khatanga,RU,2022-07-08 19:35:03,71.9667,102.5,51.66,85,100,12.12
30,Tuatapere,NZ,2022-07-08 19:35:04,-46.1333,167.6833,45.19,93,100,10.13
31,Lebu,CL,2022-07-08 19:35:04,-37.6167,-73.65,51.98,81,100,21.39
32,Port Hardy,CA,2022-07-08 19:35:04,50.6996,-127.4199,59.18,82,75,6.91
33,Albany,US,2022-07-08 19:33:10,42.6001,-73.9662,85.06,51,100,1.99
34,Kodiak,US,2022-07-08 19:30:38,57.79,-152.4072,54.91,88,100,17.27
35,Upernavik,GL,2022-07-08 19:35:05,72.7868,-56.1549,38.7,96,79,14.5
36,Plouzane,FR,2022-07-08 19:35:05,48.3833,-4.6167,68.32,64,0,9.22
37,Clyde River,CA,2022-07-08 19:35:06,70.4692,-68.5914,43.03,70,20,8.05
38,Cairns,AU,2022-07-08 19:32:02,-16.9167,145.7667,61.07,94,0,8.05
39,Bluff,NZ,2022-07-08 19:35:06,-46.6,168.3333,44.8,87,100,24.94
40,Vaini,TO,2022-07-08 19:35:06,-21.2,-175.2,71.76,83,20,8.05
41,Salalah,OM,2022-07-08 19:35:07,17.0151,54.0924,77.09,100,100,4.61
42,Lyngseidet,NO,2022-07-08 19:35:07,69.5763,20.2189,53.6,84,100,4.43
43,Antalaha,MG,2022-07-08 19:35:07,-14.9003,50.2788,67.8,85,35,10.4
44,Seddon,AU,2022-07-08 19:35:07,-37.8068,144.8916,47.71,91,40,9.22
45,Sucua,EC,2022-07-08 19:35:08,-2.4667,-78.1667,75.94,78,100,4.61
46,Bredasdorp,ZA,2022-07-08 19:34:38,-34.5322,20.0403,51.58,92,0,3.44
47,Muros,ES,2022-07-08 19:36:08,42.7762,-9.0603,80.17,61,0,9.01
48,Vardo,NO,2022-07-08 19:36:08,70.3705,31.1107,48.18,93,75,10.36
49,Mount Gambier,AU,2022-07-08 19:36:09,-37.8333,140.7667,47.91,78,91,8.32
50,Dukat,RU,2022-07-08 19:36:09,62.55,155.55,68.92,69,46,10.92
51,Ilawa,PL,2022-07-08 19:36:09,53.596,19.5685,60.85,72,79,0.83
52,Cap Malheureux,MU,2022-07-08 19:36:10,-19.9842,57.6142,66.47,76,82,7.0
53,Coronel Oviedo,PY,2022-07-08 19:32:54,-25.4167,-56.45,74.97,59,93,5.82
54,Castro,BR,2022-07-08 19:36:10,-24.7911,-50.0119,66.06,61,100,3.71
55,Coquimbo,CL,2022-07-08 19:33:16,-29.9533,-71.3436,56.93,76,100,8.05
56,Ucluelet,CA,2022-07-08 19:36:10,48.9329,-125.5528,64.09,83,45,1.99
57,Isangel,VU,2022-07-08 19:36:11,-19.55,169.2667,76.05,82,6,7.61
58,Leningradskiy,RU,2022-07-08 19:36:11,69.3833,178.4167,56.82,63,100,13.51
59,East London,ZA,2022-07-08 19:36:11,-33.0153,27.9116,62.29,45,0,8.5
60,Port Lincoln,AU,2022-07-08 19:36:11,-34.7333,135.8667,52.93,80,67,8.03
61,Souillac,MU,2022-07-08 19:36:12,-20.5167,57.5167,68.38,83,75,12.66
62,Hambantota,LK,2022-07-08 19:36:12,6.1241,81.1185,79.63,79,77,17.9
63,Tual,ID,2022-07-08 19:36:12,-5.6667,132.75,79.05,80,100,20.07
64,Thompson,CA,2022-07-08 19:35:49,55.7435,-97.8558,82.56,30,75,6.91
65,Ust-Tsilma,RU,2022-07-08 19:36:12,65.441,52.1498,62.19,61,64,4.79
66,Saint-Philippe,RE,2022-07-08 19:36:13,-21.3585,55.7679,67.59,78,99,17.16
67,Namikupa,TZ,2022-07-08 19:36:13,-10.8333,39.6,61.92,93,0,2.37
68,Cobija,BO,2022-07-08 19:36:13,-11.0267,-68.7692,93.38,49,40,4.61
69,Ribeira Grande,PT,2022-07-08 19:36:14,38.5167,-28.7,70.2,68,20,13.8
70,Bosaso,SO,2022-07-08 19:36:14,11.2842,49.1816,93.06,36,8,21.63
71,Matadi,CD,2022-07-08 19:36:14,-5.8167,13.45,71.92,79,85,5.5
72,Acapulco,MX,2022-07-08 19:33:26,16.8634,-99.8901,87.62,74,75,5.75
73,Yellowknife,CA,2022-07-08 19:36:15,62.456,-114.3525,77.56,38,20,19.57
74,Butaritari,KI,2022-07-08 19:36:15,3.0707,172.7902,81.55,78,100,15.79
75,Egvekinot,RU,2022-07-08 19:36:15,66.3167,-179.1667,45.1,80,63,8.84
76,Chuy,UY,2022-07-08 19:36:15,-33.6971,-53.4616,50.83,66,100,8.84
77,Idil,TR,2022-07-08 19:36:16,37.3411,41.8895,86.63,20,24,4.59
78,Hobart,AU,2022-07-08 19:31:40,-42.8794,147.3294,48.06,92,75,8.05
79,Elko,US,2022-07-08 19:35:53,41.0002,-115.5012,91.74,12,0,18.01
80,Fortuna,US,2022-07-08 19:36:16,40.5982,-124.1573,71.92,73,20,5.99
81,Rawson,AR,2022-07-08 19:36:16,-43.3002,-65.1023,59.36,27,0,17.18
82,Ushuaia,AR,2022-07-08 19:33:52,-54.8,-68.3,37.06,93,75,3.44
83,Inirida,CO,2022-07-08 19:36:17,3.8653,-67.9239,79.21,93,95,3.67
84,Manono,CD,2022-07-08 19:36:17,-7.3,27.4167,73.53,36,0,5.01
85,Hay River,CA,2022-07-08 19:36:17,60.8156,-115.7999,60.39,86,100,8.1
86,Esperance,AU,2022-07-08 19:36:18,-33.8667,121.9,55.9,64,5,20.2
87,Carnarvon,AU,2022-07-08 19:36:18,-24.8667,113.6333,65.71,41,0,2.95
88,Kloulklubed,PW,2022-07-08 19:36:19,7.0419,134.2556,79.7,87,100,17.4
89,Mahebourg,MU,2022-07-08 19:36:19,-20.4081,57.7,68.29,83,75,12.66
90,Valdivia,CL,2022-07-08 19:36:19,-39.8142,-73.2459,50.09,83,100,4.99
91,San Luis,AR,2022-07-08 19:36:04,-33.295,-66.3356,60.35,31,0,3.22
92,Grand Gaube,MU,2022-07-08 19:36:19,-20.0064,57.6608,68.4,76,76,7.0
93,Daru,PG,2022-07-08 19:37:20,-9.0763,143.2092,77.13,88,94,15.7
94,Tomino,ES,2022-07-08 19:37:20,41.9877,-8.755,88.74,48,0,1.59
95,Ponta Do Sol,PT,2022-07-08 19:37:20,32.6667,-17.1,75.7,87,5,3.47
96,Nikolskoye,RU,2022-07-08 19:36:14,59.7035,30.7861,62.49,86,68,2.26
97,Peleduy,RU,2022-07-08 19:37:21,59.6289,112.7406,57.67,97,71,1.14
98,Kavaratti,IN,2022-07-08 19:37:21,10.5669,72.642,79.02,83,100,24.49
99,Port Alfred,ZA,2022-07-08 19:37:21,-33.5906,26.891,63.54,46,0,11.07
100,Kaitangata,NZ,2022-07-08 19:37:21,-46.2817,169.8464,45.66,92,100,19.48
101,Vallenar,CL,2022-07-08 19:33:12,-28.5708,-70.7581,65.7,38,0,7.7
102,Saint George,US,2022-07-08 19:34:30,37.1041,-113.5841,105.64,12,0,10.36
103,Panguna,PG,2022-07-08 19:37:22,-6.3164,155.4848,66.42,97,100,2.84
104,Fort Frances,CA,2022-07-08 19:37:22,48.5999,-93.4003,80.17,44,0,10.36
105,Vangaindrano,MG,2022-07-08 19:37:22,-23.35,47.6,64.09,87,22,4.21
106,Ipixuna,BR,2022-07-08 19:37:23,-1.7625,-48.8043,84.76,62,100,3.42
107,Jamestown,US,2022-07-08 19:37:23,42.097,-79.2353,83.05,50,40,5.75
108,Manhattan,US,2022-07-08 19:37:23,40.7834,-73.9662,86.95,63,75,15.01
109,Mar Del Plata,AR,2022-07-08 19:37:24,-38.0023,-57.5575,57.09,69,0,11.99
110,Vila Velha,BR,2022-07-08 19:37:24,-20.3297,-40.2925,75.15,80,75,6.91
111,Kutum,SD,2022-07-08 19:37:24,14.2,24.6667,77.68,51,100,18.63
112,Sibolga,ID,2022-07-08 19:37:25,1.7427,98.7792,76.33,85,100,3.18
113,Quijingue,BR,2022-07-08 19:37:25,-10.7525,-39.2092,70.61,87,84,7.38
114,Rudbar,AF,2022-07-08 19:37:25,30.15,62.6,92.16,13,6,8.61
115,Walvis Bay,NA,2022-07-08 19:37:25,-22.9575,14.5053,61.75,72,0,4.61
116,Taguatinga,BR,2022-07-08 19:37:26,-12.3857,-46.5711,91.0,22,1,4.83
117,Jumla,NP,2022-07-08 19:37:26,29.2747,82.1838,64.58,98,100,2.71
118,Pekan,MY,2022-07-08 19:37:26,3.4836,103.3996,78.91,82,100,5.77
119,Sistranda,NO,2022-07-08 19:37:27,63.7256,8.834,51.76,89,100,26.66
120,Bouca,CF,2022-07-08 19:37:27,6.5105,18.2733,71.76,91,100,2.42
121,Takoradi,GH,2022-07-08 19:37:27,4.8845,-1.7554,76.55,86,96,11.7
122,Bedesa,ET,2022-07-08 19:37:27,8.9,40.7833,62.98,88,97,6.15
123,Ahipara,NZ,2022-07-08 19:37:28,-35.1667,173.1667,59.22,91,18,11.95
124,Kahului,US,2022-07-08 19:37:12,20.8947,-156.47,81.97,75,40,20.71
125,Qaanaaq,GL,2022-07-08 19:37:28,77.484,-69.3632,41.67,75,100,3.11
126,Airai,TL,2022-07-08 19:37:28,-8.9266,125.4092,57.07,96,68,3.53
127,Severo-Kurilsk,RU,2022-07-08 19:37:29,50.6789,156.125,57.29,91,19,12.03
128,Lavrentiya,RU,2022-07-08 19:37:29,65.5833,-171.0,50.63,80,36,5.03
129,Vore,AL,2022-07-08 19:37:29,41.3908,19.655,69.22,73,20,5.75
130,Atar,MR,2022-07-08 19:37:29,20.5169,-13.0499,99.73,24,0,13.65
131,Mattru,SL,2022-07-08 19:37:30,7.6244,-11.8332,73.4,97,100,3.22
132,Comodoro Rivadavia,AR,2022-07-08 19:37:30,-45.8667,-67.5,53.46,40,0,10.36
133,Torbay,CA,2022-07-08 19:37:30,47.6666,-52.7314,66.27,74,75,14.97
134,Port Elizabeth,ZA,2022-07-08 19:33:31,-33.918,25.5701,55.69,88,0,3.44
135,Bubaque,GW,2022-07-08 19:37:31,11.2833,-15.8333,80.74,79,47,12.97
136,Topolobampo,MX,2022-07-08 19:37:31,25.6,-109.05,93.11,52,20,13.8
137,Bengkulu,ID,2022-07-08 19:35:50,-3.8004,102.2655,74.05,89,4,3.91
138,La Ronge,CA,2022-07-08 19:37:31,55.1001,-105.2842,70.02,68,75,12.66
139,Pangody,RU,2022-07-08 19:38:32,65.85,74.4859,67.48,76,90,10.49
140,Panzhihua,CN,2022-07-08 19:38:32,26.5851,101.7128,71.96,80,15,1.45
141,Tra Vinh,VN,2022-07-08 19:38:32,9.9347,106.3453,74.86,91,100,4.25
142,Prince Rupert,CA,2022-07-08 19:37:07,54.3161,-130.3201,62.69,78,75,12.66
143,Trincomalee,LK,2022-07-08 19:38:32,8.5711,81.2335,81.07,75,100,18.14
144,Guantanamo,CU,2022-07-08 19:38:33,20.1444,-75.2092,87.37,51,27,11.14
145,Sitka,US,2022-07-08 19:38:33,57.0531,-135.33,58.89,77,100,4.61
146,Ilulissat,GL,2022-07-08 19:38:33,69.2167,-51.1,55.42,47,0,13.8
147,George,ZA,2022-07-08 19:38:33,-33.963,22.4617,49.55,100,100,2.3
148,New Norfolk,AU,2022-07-08 19:37:27,-42.7826,147.0587,47.7,86,100,3.0
149,Batemans Bay,AU,2022-07-08 19:38:34,-35.7167,150.1833,42.8,75,5,5.5
150,Linqiong,CN,2022-07-08 19:38:34,30.4159,103.4609,82.22,79,14,2.91
151,Bethanien,NA,2022-07-08 19:38:34,-26.502,17.1583,63.0,21,0,10.36
152,Empangeni,ZA,2022-07-08 19:38:08,-28.762,31.8933,63.28,90,0,5.91
153,Iqaluit,CA,2022-07-08 19:38:35,63.7506,-68.5145,42.53,81,20,10.36
154,Kapaa,US,2022-07-08 19:38:35,22.0752,-159.319,80.92,70,40,17.27
155,Bilibino,RU,2022-07-08 19:38:35,68.0546,166.4372,62.29,75,58,5.3
156,Muroran,JP,2022-07-08 19:38:35,42.3172,140.9881,63.43,87,100,7.78
157,Coihaique,CL,2022-07-08 19:34:20,-45.5752,-72.0662,41.61,100,100,4.0
158,Punta Alta,AR,2022-07-08 19:36:22,-38.8759,-62.0736,56.19,31,86,15.77
159,Muriti,TZ,2022-07-08 19:38:36,-1.9833,32.9167,73.69,60,6,1.3
160,Cherskiy,RU,2022-07-08 19:38:36,68.75,161.3,63.41,88,100,13.2
161,Saldanha,ZA,2022-07-08 19:38:36,-33.0117,17.9442,50.05,62,0,4.92
162,Constitucion,CL,2022-07-08 19:38:37,-35.3333,-72.4167,53.44,74,96,13.89
163,Kaseda,JP,2022-07-08 19:38:37,31.4167,130.3167,79.48,88,92,7.87
164,Suntar,RU,2022-07-08 19:38:37,62.1444,117.6319,59.18,81,93,2.17
165,Makakilo City,US,2022-07-08 19:38:38,21.3469,-158.0858,79.12,71,75,12.66
166,Spornoye,RU,2022-07-08 19:38:38,50.8448,37.2913,69.39,55,100,7.99
167,Faanui,PF,2022-07-08 19:38:38,-16.4833,-151.75,78.04,66,0,6.51
168,Hami,CN,2022-07-08 19:38:38,42.8,93.45,80.06,19,0,16.11
169,Dalaba,GN,2022-07-08 19:38:39,10.7,-12.25,64.29,98,99,4.12
170,Lubbenau,DE,2022-07-08 19:38:39,51.8667,13.9667,63.84,87,58,7.38
171,Castlemaine,AU,2022-07-08 19:38:39,-37.0667,144.2167,40.98,96,33,4.52
172,Savyntsi,UA,2022-07-08 19:38:39,49.4026,37.0627,73.94,39,100,3.15
173,Puerto Ayora,EC,2022-07-08 19:38:40,-0.7393,-90.3518,78.76,88,58,10.0
174,Nanortalik,GL,2022-07-08 19:38:40,60.1432,-45.2371,45.7,84,100,8.66
175,Carutapera,BR,2022-07-08 19:38:40,-1.195,-46.02,81.88,73,6,10.65
176,Parfenyevo,RU,2022-07-08 19:38:40,58.484,43.4088,60.57,77,61,5.28
177,Tamandare,BR,2022-07-08 19:38:41,-8.7597,-35.1047,75.76,83,18,11.27
178,Mustasaari,FI,2022-07-08 19:38:41,63.1142,21.6822,60.89,82,0,6.91
179,Cayenne,GF,2022-07-08 19:36:22,4.9333,-52.3333,84.24,1,70,10.36
180,Flinders,AU,2022-07-08 19:38:41,-34.5833,150.8552,50.18,73,6,7.0
181,Mocuba,MZ,2022-07-08 19:38:42,-16.8392,36.9856,61.23,95,6,2.57
182,Cartagena,CO,2022-07-08 19:35:57,10.3997,-75.5144,92.82,59,40,4.61
183,Lasa,IT,2022-07-08 19:38:42,46.6166,10.7002,68.88,64,0,6.76
184,Vila Franca Do Campo,PT,2022-07-08 19:38:42,37.7167,-25.4333,71.2,75,33,10.0
185,Karasburg,NA,2022-07-08 19:39:42,-28.0167,18.75,63.43,22,0,16.87
186,Saint-Augustin,CA,2022-07-08 19:39:43,51.226,-58.6502,64.72,49,88,16.58
187,Jaciara,BR,2022-07-08 19:37:48,-15.9653,-54.9683,91.98,23,88,0.74
188,Hervey Bay,AU,2022-07-08 19:39:43,-25.2986,152.8535,50.07,73,0,13.02
189,Thunder Bay,CA,2022-07-08 19:39:43,48.4001,-89.3168,75.18,43,40,8.05
190,Lockport,US,2022-07-08 19:38:16,41.5895,-88.0578,77.23,89,100,5.99
191,Torrijos,ES,2022-07-08 19:36:41,39.9819,-4.2835,81.82,20,0,2.82
192,Chanute,US,2022-07-08 19:39:44,37.6792,-95.4572,92.88,55,0,10.36
193,Olafsvik,IS,2022-07-08 19:39:44,64.8945,-23.7142,50.52,75,86,6.53
194,Murmashi,RU,2022-07-08 19:39:44,68.8154,32.8115,55.81,100,40,6.71
195,Kattivakkam,IN,2022-07-08 19:39:45,13.2167,80.3167,84.29,78,100,13.31
196,Ixtapa,MX,2022-07-08 19:39:45,20.7,-105.2,85.23,74,20,6.91
197,Palembang,ID,2022-07-08 19:39:45,-2.9167,104.7458,80.69,83,20,0.0
198,Arraial Do Cabo,BR,2022-07-08 19:36:45,-22.9661,-42.0278,80.56,73,0,9.22
199,Sept-Iles,CA,2022-07-08 19:38:02,50.2001,-66.3821,64.06,65,75,10.36
200,Hereford,GB,2022-07-08 19:39:45,52.0568,-2.7148,62.65,79,62,5.79
201,Alamor,EC,2022-07-08 19:39:46,-4.0181,-80.0197,73.99,50,87,5.19
202,Griffith,US,2022-07-08 19:39:46,41.5284,-87.4237,78.73,80,100,10.36
203,Shulan,CN,2022-07-08 19:39:46,44.4167,126.95,67.91,95,63,6.38
204,Srednekolymsk,RU,2022-07-08 19:39:47,67.45,153.6833,54.79,67,28,9.44
205,Maragogi,BR,2022-07-08 19:36:40,-9.0122,-35.2225,75.38,83,6,12.28
206,Caravelas,BR,2022-07-08 19:39:47,-17.7125,-39.2481,72.84,74,0,4.59
207,Faridpur,BD,2022-07-08 19:39:47,23.6,89.8333,79.75,90,32,8.16
208,Ancud,CL,2022-07-08 19:39:47,-41.8697,-73.8203,46.22,81,100,18.34
209,Copiapo,CL,2022-07-08 19:39:48,-27.3667,-70.3333,60.49,42,30,7.78
210,Aykhal,RU,2022-07-08 19:39:48,66.0,111.5,42.44,90,100,3.8
211,Paita,PE,2022-07-08 19:39:48,-5.0892,-81.1144,69.82,70,11,16.15
212,Cape Canaveral,US,2022-07-08 19:39:49,28.4058,-80.6048,95.07,66,0,12.66
213,Yatou,CN,2022-07-08 19:39:49,37.15,122.3833,74.01,77,2,6.24
214,Kilindoni,TZ,2022-07-08 19:39:49,-7.9139,39.6668,76.77,71,0,18.5
215,Raudeberg,NO,2022-07-08 19:39:49,61.9875,5.1352,52.47,92,100,25.64
216,Luzhou,CN,2022-07-08 19:39:50,28.8724,105.4405,79.79,78,0,1.95
217,Huarmey,PE,2022-07-08 19:39:50,-10.0681,-78.1522,68.49,69,4,9.91
218,Carballo,ES,2022-07-08 19:39:50,43.213,-8.691,83.62,78,0,6.11
219,Ladybrand,ZA,2022-07-08 19:39:50,-29.1945,27.4574,43.38,28,0,1.16
220,Abha,SA,2022-07-08 19:39:51,18.2164,42.5053,66.02,77,0,4.61
221,Leh,IN,2022-07-08 19:39:51,34.1667,77.5833,68.99,46,71,4.81
222,Thai Binh,VN,2022-07-08 19:39:51,20.45,106.3333,79.47,89,100,2.06
223,Tiksi,RU,2022-07-08 19:37:24,71.6872,128.8694,41.05,65,100,6.98
224,San Patricio,US,2022-07-08 19:39:52,28.017,-97.5169,99.16,41,0,16.67
225,Yulara,AU,2022-07-08 19:36:13,-25.2406,130.9889,43.16,72,0,8.93
226,Mabaruma,GY,2022-07-08 19:39:52,8.2,-59.7833,83.44,75,66,6.46
227,Teramo,IT,2022-07-08 19:39:52,42.65,13.6833,72.19,44,34,3.62
228,Correntina,BR,2022-07-08 19:39:52,-13.3433,-44.6367,84.33,24,0,7.58
229,Naze,JP,2022-07-08 19:39:53,28.3667,129.4833,77.92,89,100,10.6
230,Moose Factory,CA,2022-07-08 19:40:53,51.2585,-80.6094,57.2,71,0,11.5
231,Dzhebariki-Khaya,RU,2022-07-08 19:40:54,62.2167,135.8,57.33,85,2,3.83
232,Sur,OM,2022-07-08 19:40:54,22.5667,59.5289,85.28,75,96,11.48
233,Partizanskoye,RU,2022-07-08 19:40:54,55.5006,94.39,60.03,75,99,3.24
234,Pokhara,NP,2022-07-08 19:38:57,28.2333,83.9833,73.89,91,100,1.99
235,Fairbanks,US,2022-07-08 19:38:00,64.8378,-147.7164,74.23,57,20,4.61
236,Bathsheba,BB,2022-07-08 19:37:26,13.2167,-59.5167,84.81,90,40,16.11
237,Udachnyy,RU,2022-07-08 19:40:55,66.4167,112.4,43.45,93,100,3.29
238,Zelenogradsk,RU,2022-07-08 19:40:55,54.9589,20.4767,62.96,78,40,8.95
239,Cabo San Lucas,MX,2022-07-08 19:36:41,22.8909,-109.9124,93.61,33,40,9.22
240,Anadyr,RU,2022-07-08 19:40:55,64.75,177.4833,48.7,87,75,8.95
241,Puksoozero,RU,2022-07-08 19:40:56,62.5903,40.6066,54.03,76,24,3.67
242,Luderitz,NA,2022-07-08 19:40:56,-26.6481,15.1594,64.56,48,0,1.83
243,Ati,TD,2022-07-08 19:40:56,13.2154,18.3353,81.34,59,100,23.91
244,Berlevag,NO,2022-07-08 19:40:56,70.8578,29.0864,50.0,93,75,0.0
245,Hearst,CA,2022-07-08 19:38:48,49.6835,-83.6665,71.13,33,2,9.31
246,Cidreira,BR,2022-07-08 19:40:57,-30.1811,-50.2056,60.64,77,94,12.5
247,Salinas,US,2022-07-08 19:40:57,36.6777,-121.6555,90.0,59,0,13.8
248,Collie,AU,2022-07-08 19:40:57,-33.3667,116.15,60.82,35,99,9.31
249,Waddan,LY,2022-07-08 19:40:58,29.1614,16.139,93.34,21,0,12.55
250,Yendi,GH,2022-07-08 19:40:58,9.4427,-0.0099,76.12,89,69,4.99
251,Gamba,GA,2022-07-08 19:40:58,-2.65,10.0,71.37,85,14,9.26
252,Amsterdam,NL,2022-07-08 19:36:55,52.374,4.8897,66.87,75,20,5.75
253,Maki,JP,2022-07-08 19:40:58,37.75,138.8833,69.91,73,99,5.57
254,Pochutla,MX,2022-07-08 19:40:59,15.7432,-96.4661,89.82,60,75,7.9
255,Am Timan,TD,2022-07-08 19:40:59,11.0297,20.2827,76.03,75,100,5.91
256,Sovetskaya Gavan,RU,2022-07-08 19:40:59,48.9723,140.2878,59.99,95,97,8.34
257,Lagoa,PT,2022-07-08 19:37:30,39.05,-27.9833,66.11,80,45,14.52
258,Maltahohe,NA,2022-07-08 19:41:00,-24.8333,16.9833,58.46,27,0,8.88
259,Bonavista,CA,2022-07-08 19:41:00,48.6499,-53.1147,54.59,80,83,15.05
260,Bambous Virieux,MU,2022-07-08 19:41:00,-20.3428,57.7575,68.25,83,75,12.66
261,Ginir,ET,2022-07-08 19:41:01,7.1333,40.7,55.31,86,48,8.95
262,Gandajika,CD,2022-07-08 19:41:01,-6.75,23.95,73.29,29,5,4.43
263,Piacabucu,BR,2022-07-08 19:41:01,-10.4056,-36.4344,75.45,77,1,9.78
264,Barcelos,PT,2022-07-08 19:37:31,41.5388,-8.6151,93.92,47,0,4.9
265,Hamilton,US,2022-07-08 19:36:38,39.1834,-84.5333,78.89,91,75,5.75
266,Vaitape,PF,2022-07-08 19:41:02,-16.5167,-151.75,78.03,66,0,6.38
267,Sangar,RU,2022-07-08 19:41:02,63.9242,127.4739,47.77,90,1,3.02
268,Matara,LK,2022-07-08 19:41:02,5.9485,80.5353,79.43,85,100,13.22
269,Aswan,EG,2022-07-08 19:41:03,24.0934,32.907,94.3,11,0,9.22
270,Dunedin,NZ,2022-07-08 19:36:15,-45.8742,170.5036,45.81,98,100,10.0
271,Brae,GB,2022-07-08 19:41:03,60.3964,-1.353,52.41,85,6,21.74
272,Mayya,RU,2022-07-08 19:41:04,61.7333,130.2811,50.32,82,15,0.92
273,Provideniya,RU,2022-07-08 19:42:04,64.3833,-173.3,53.37,79,47,3.24
274,Sangmelima,CM,2022-07-08 19:42:04,2.9333,11.9833,68.97,95,100,2.04
275,Karlskrona,SE,2022-07-08 19:42:05,56.1616,15.5866,63.05,72,95,13.94
276,Ayan,RU,2022-07-08 19:42:05,56.45,138.1667,59.61,88,100,11.65
277,Mayahi,NE,2022-07-08 19:42:05,13.9553,7.6712,92.61,33,100,13.6
278,Sayat,TM,2022-07-08 19:42:05,38.7839,63.8803,84.07,22,0,12.35
279,Chimoio,MZ,2022-07-08 19:42:06,-19.1164,33.4833,57.06,88,20,1.79
280,Karpinsk,RU,2022-07-08 19:42:06,59.7654,60.0085,65.21,78,0,3.36
281,Barra Patuca,HN,2022-07-08 19:42:06,15.8,-84.2833,81.84,83,100,11.59
282,Stege,DK,2022-07-08 19:42:07,54.987,12.2846,62.06,72,60,18.5
283,Uvalde,US,2022-07-08 19:42:07,29.3669,-99.767,100.31,38,40,3.44
284,Akdepe,TM,2022-07-08 19:42:07,42.0551,59.3788,78.89,33,0,7.56
285,Diamantino,BR,2022-07-08 19:42:07,-14.4086,-56.4461,93.65,24,4,3.33
286,Villefontaine,FR,2022-07-08 19:42:08,45.6125,5.1456,72.86,46,0,13.8
287,Antofagasta,CL,2022-07-08 19:39:12,-23.65,-70.4,67.21,62,90,6.15
288,Smolenka,RU,2022-07-08 19:42:08,52.1352,113.4974,50.07,100,100,2.24
289,Yerbogachen,RU,2022-07-08 19:42:09,61.2767,108.0108,51.28,94,36,4.38
290,Sainte-Marie,RE,2022-07-08 19:42:09,-20.8968,55.5496,69.96,71,40,19.57
291,Komsomolskiy,UZ,2022-07-08 19:42:09,40.4272,71.7189,81.32,26,4,4.61
292,Morant Bay,JM,2022-07-08 19:42:09,17.8815,-76.4093,92.71,71,15,14.41
293,San Cristobal,VE,2022-07-08 19:42:10,7.7669,-72.225,71.78,83,100,6.33
294,Yaval,IN,2022-07-08 19:42:10,21.1667,75.7,78.58,85,100,14.09
295,Swan Hill,AU,2022-07-08 19:42:11,-35.3378,143.5544,39.27,94,7,6.96
296,Kralendijk,BQ,2022-07-08 19:42:11,12.15,-68.2667,87.78,66,40,20.71
297,Corrente,BR,2022-07-08 19:42:11,-3.7367,-43.3394,81.63,66,76,2.28
298,Uvat,RU,2022-07-08 19:42:11,59.1433,68.8953,61.93,72,90,4.14
299,Sabang,ID,2022-07-08 19:42:12,5.8933,95.3214,83.07,75,100,20.4
300,Geraldton,AU,2022-07-08 19:42:12,-28.7667,114.6,55.81,30,0,20.71
301,Emirdag,TR,2022-07-08 19:42:12,39.0197,31.15,68.0,65,44,3.2
302,Inhambane,MZ,2022-07-08 19:42:13,-23.865,35.3833,62.58,88,0,0.0
303,Bethel,US,2022-07-08 19:42:13,41.3712,-73.414,87.35,59,75,3.44
304,Atbasar,KZ,2022-07-08 19:42:13,51.8,68.3333,60.51,87,35,8.93
305,Longyearbyen,SJ,2022-07-08 19:42:03,78.2186,15.6401,49.84,50,0,19.57
306,Hokitika,NZ,2022-07-08 19:42:14,-42.7167,170.9667,52.21,93,100,18.79
307,Olovyannaya,RU,2022-07-08 19:42:14,50.95,115.5667,56.66,76,99,12.68
308,Auki,SB,2022-07-08 19:42:14,-8.7676,160.7034,74.28,80,13,5.39
309,Poum,NC,2022-07-08 19:42:14,-20.2333,164.0167,76.23,83,0,8.21
310,Ligayan,PH,2022-07-08 19:42:15,4.6533,119.4706,83.12,75,100,8.81
311,Praia Da Vitoria,PT,2022-07-08 19:42:15,38.7333,-27.0667,70.05,73,75,13.4
312,Atlantic Beach,US,2022-07-08 19:39:37,30.3344,-81.3987,89.98,89,75,9.22
313,Tabas,IR,2022-07-08 19:42:15,33.5959,56.9244,92.52,9,2,2.68
314,Tautira,PF,2022-07-08 19:42:16,-17.7333,-149.15,77.05,70,5,3.29
315,Kungurtug,RU,2022-07-08 19:42:16,50.5994,97.5228,45.01,85,7,1.03
316,Necochea,AR,2022-07-08 19:42:16,-38.5473,-58.7368,53.87,39,59,12.73
317,Ivanava,BY,2022-07-08 19:42:17,52.1451,25.5365,57.96,85,35,3.06
318,Sobolevo,RU,2022-07-08 19:42:17,54.4299,31.8996,57.07,83,20,0.63
319,Pathein,MM,2022-07-08 19:42:17,16.7833,94.7333,78.33,91,100,4.7
320,Jinan,CN,2022-07-08 19:42:17,36.6683,116.9972,83.01,52,41,3.33
321,Saskylakh,RU,2022-07-08 19:43:18,71.9167,114.0833,51.89,54,100,9.93
322,Manuk Mangkaw,PH,2022-07-08 19:43:18,4.8,119.85,82.76,76,100,9.55
323,Ketchikan,US,2022-07-08 19:43:18,55.3422,-131.6461,57.67,94,100,9.22
324,Yakeshi,CN,2022-07-08 19:43:19,49.2833,120.7333,55.27,87,100,15.23
325,Dano,BF,2022-07-08 19:43:19,11.15,-3.0667,80.71,72,61,1.99
326,Bilma,NE,2022-07-08 19:43:19,18.6853,12.9164,97.88,13,88,3.22
327,Uporovo,RU,2022-07-08 19:43:19,56.3109,66.2693,61.84,84,25,2.71
328,Ulladulla,AU,2022-07-08 19:43:20,-35.35,150.4667,44.49,79,6,6.46
329,Sao Filipe,CV,2022-07-08 19:43:20,14.8961,-24.4956,73.99,83,65,9.24
330,Bitung,ID,2022-07-08 19:43:20,1.4451,125.1824,77.85,87,100,10.4
331,Ambulu,ID,2022-07-08 19:43:21,-8.345,113.6058,68.38,85,5,3.06
332,Pokrovsk,UA,2022-07-08 19:43:21,48.282,37.1758,71.4,36,66,8.7
333,Fayaoue,NC,2022-07-08 19:43:21,-20.65,166.5333,77.13,84,9,11.63
334,Tilichiki,RU,2022-07-08 19:43:22,60.4667,166.1,53.67,90,78,4.9
335,Yuzhno-Kurilsk,RU,2022-07-08 19:43:22,44.0306,145.8556,56.14,89,97,6.08
336,Saint-Georges,GD,2022-07-08 19:43:22,12.0564,-61.7485,83.88,84,40,23.02
337,Valleyview,CA,2022-07-08 19:43:22,55.0667,-117.2859,71.64,43,100,11.5
338,Hofn,IS,2022-07-08 19:43:23,64.2539,-15.2082,49.28,81,16,9.55
339,Sampit,ID,2022-07-08 19:43:23,-2.5333,112.95,71.82,99,78,1.63
340,Aboyne,GB,2022-07-08 19:43:23,57.0755,-2.7802,62.4,61,100,5.57
341,Oranjemund,NA,2022-07-08 19:43:24,-28.55,16.4333,64.67,38,0,4.88
342,Rapid Valley,US,2022-07-08 19:43:24,44.0625,-103.1463,92.77,44,0,14.97
343,Lorengau,PG,2022-07-08 19:41:16,-2.0226,147.2712,77.76,89,100,16.53
344,San Rafael,AR,2022-07-08 19:42:22,-34.6177,-68.3301,58.98,19,0,9.35
345,Codrington,AU,2022-07-08 19:43:24,-38.2667,141.9667,49.53,71,99,12.08
346,Husavik,IS,2022-07-08 19:43:25,66.0449,-17.3389,47.3,80,11,3.98
347,Avera,US,2022-07-08 19:43:25,33.194,-82.5271,96.85,55,100,3.47
348,Hasaki,JP,2022-07-08 19:43:25,35.7333,140.8333,72.0,82,98,16.49
349,Atuona,PF,2022-07-08 19:43:25,-9.8,-139.0333,76.86,82,48,15.3
350,Axim,GH,2022-07-08 19:43:26,4.8699,-2.2405,76.8,86,82,11.83
351,Choya,RU,2022-07-08 19:43:26,52.0108,86.5467,51.96,97,9,3.06
352,Shenkursk,RU,2022-07-08 19:43:26,62.1091,42.896,57.15,74,45,4.59
353,Narsaq,GL,2022-07-08 19:41:16,60.9167,-46.05,55.62,61,100,3.62
354,Kirakira,SB,2022-07-08 19:43:27,-10.4544,161.9205,78.53,78,99,7.81
355,Canandaigua,US,2022-07-08 19:43:27,42.8742,-77.288,83.23,68,100,1.99
356,Baherden,TM,2022-07-08 19:43:27,38.4362,57.4316,80.83,20,0,2.17
357,Karasjok,NO,2022-07-08 19:43:27,69.4719,25.5112,50.38,83,100,7.31
358,Barcelona,ES,2022-07-08 19:41:00,41.3888,2.159,82.62,59,0,11.5
359,Puerto Suarez,BO,2022-07-08 19:43:28,-18.95,-57.8,97.16,46,0,6.91
360,Bull Savanna,JM,2022-07-08 19:43:28,17.8868,-77.5902,85.1,60,16,19.75
361,Bataipora,BR,2022-07-08 19:43:28,-22.2953,-53.2711,84.4,27,54,6.51
362,Manavalakurichi,IN,2022-07-08 19:43:29,8.1333,77.3,79.09,77,100,16.02
363,Victoria,HK,2022-07-08 19:42:00,22.2855,114.1577,85.32,84,98,8.99
364,Helong,CN,2022-07-08 19:43:29,42.5397,128.9972,68.58,99,99,2.3
365,Peniche,PT,2022-07-08 19:44:29,39.3558,-9.3811,79.45,71,0,9.51
366,Klaksvik,FO,2022-07-08 19:44:30,62.2266,-6.589,50.92,90,95,21.88
367,Pila,PL,2022-07-08 19:41:22,53.1515,16.7378,59.18,85,88,8.14
368,Portree,GB,2022-07-08 19:44:30,57.4129,-6.1942,54.52,88,100,7.36
369,Norman Wells,CA,2022-07-08 19:44:30,65.282,-126.8329,78.84,44,20,11.5
370,Marawi,PH,2022-07-08 19:44:31,7.9986,124.2928,68.95,94,100,4.36
371,Sompeta,IN,2022-07-08 19:44:31,18.9333,84.6,80.91,87,98,5.93
372,Kieta,PG,2022-07-08 19:44:31,-6.2167,155.6333,78.19,81,98,5.7
373,Tabou,CI,2022-07-08 19:44:31,4.423,-7.3528,76.51,82,100,10.92
374,Georgetown,MY,2022-07-08 19:43:04,5.4112,100.3354,82.33,91,20,0.0
375,Tadotsu,JP,2022-07-08 19:44:32,34.275,133.75,77.54,97,84,1.86
376,Huntingdon,GB,2022-07-08 19:44:32,52.3305,-0.1865,77.18,80,99,10.04
377,Humaita,BR,2022-07-08 19:44:32,-7.5061,-63.0208,91.09,42,90,3.02
378,Imbituba,BR,2022-07-08 19:44:33,-28.24,-48.6703,66.09,86,68,2.62
379,Kadirli,TR,2022-07-08 19:44:33,37.3739,36.0961,75.81,88,41,1.48
380,Lingao,CN,2022-07-08 19:44:33,19.9103,109.6859,79.48,92,30,11.25
381,Tarpon Springs,US,2022-07-08 19:42:21,28.1461,-82.7568,95.29,70,75,5.99
382,Qasigiannguit,GL,2022-07-08 19:44:34,68.8193,-51.1922,55.65,63,100,7.56
383,Akyab,MM,2022-07-08 19:44:34,20.15,92.9,80.87,84,28,7.31
384,Big Bend,SZ,2022-07-08 19:40:35,-26.8167,31.9333,60.89,88,0,3.44
385,Talkha,EG,2022-07-08 19:44:34,31.0539,31.3779,74.57,82,3,7.4
386,Salinopolis,BR,2022-07-08 19:44:34,-0.6136,-47.3561,82.54,75,8,13.47
387,Belaya Gora,RU,2022-07-08 19:44:35,68.5333,146.4167,42.69,93,100,13.71
388,Guaruja,BR,2022-07-08 19:44:35,-23.9931,-46.2564,71.46,78,20,5.75
389,Parsabad,IR,2022-07-08 19:44:35,39.6482,47.9174,71.92,56,0,6.91
390,Yarmouth,US,2022-07-08 19:44:35,41.7057,-70.2286,79.65,57,40,10.36
391,Chapada Dos Guimaraes,BR,2022-07-08 19:44:36,-15.4606,-55.7497,87.46,23,13,4.18
392,Port Macquarie,AU,2022-07-08 19:44:36,-31.4333,152.9167,46.89,76,69,6.89
393,Manavgat,TR,2022-07-08 19:44:36,36.7867,31.4431,77.83,73,0,0.83
394,Maraa,BR,2022-07-08 19:44:36,-1.8333,-65.3667,80.19,77,95,2.8
395,Oudtshoorn,ZA,2022-07-08 19:44:37,-33.5907,22.2014,48.56,35,0,9.6
396,Korla,CN,2022-07-08 19:44:37,41.7597,86.1469,79.77,22,0,3.15
397,Cerrito,CO,2022-07-08 19:44:37,6.8432,-72.694,56.05,91,100,4.21
398,Aklavik,CA,2022-07-08 19:44:38,68.2191,-135.0107,69.8,78,75,10.36
399,Quincy,US,2022-07-08 19:40:03,42.2529,-71.0023,87.8,54,75,14.97
400,Waipawa,NZ,2022-07-08 19:44:38,-41.4122,175.5153,52.66,76,46,22.06
401,Sidrolandia,BR,2022-07-08 19:44:38,-20.9319,-54.9614,85.64,22,94,6.02
402,San Quintin,MX,2022-07-08 19:44:38,30.4833,-115.95,74.35,63,2,15.97
403,Maturin,VE,2022-07-08 19:44:39,9.75,-63.1767,77.95,90,100,6.78
404,Bol,TD,2022-07-08 19:44:39,13.4586,14.7147,84.31,62,96,6.24
405,Kodinsk,RU,2022-07-08 19:44:39,58.6881,99.1844,54.16,80,100,2.55
406,Kuusamo,FI,2022-07-08 19:44:40,65.9667,29.1833,55.44,76,100,4.61
407,Devonport,AU,2022-07-08 19:44:40,-41.1667,146.35,43.02,79,100,6.87
408,Aksarka,RU,2022-07-08 19:45:40,66.5606,67.7975,64.98,91,100,11.48
409,Rio Gallegos,AR,2022-07-08 19:41:10,-51.6226,-69.2181,33.85,75,75,8.05
410,Galeana,MX,2022-07-08 19:45:40,24.8333,-100.0667,80.53,38,12,12.59
411,Tevaitoa,PF,2022-07-08 19:45:41,-16.7833,-151.5,77.85,69,0,5.53
412,Basco,PH,2022-07-08 19:45:41,20.4487,121.9702,84.09,79,90,13.8
413,Hammerfest,NO,2022-07-08 19:45:41,70.6634,23.6821,50.45,81,75,4.61
414,Safonovo,RU,2022-07-08 19:45:42,55.15,33.2167,57.58,80,68,1.16
415,Port Hawkesbury,CA,2022-07-08 19:45:42,45.6169,-61.3485,72.52,52,75,10.36
416,Omboue,GA,2022-07-08 19:45:42,-1.5746,9.2618,72.48,85,100,8.86
417,Taoudenni,ML,2022-07-08 19:45:42,22.6783,-3.9836,107.56,9,1,7.45
418,Novaya Ladoga,RU,2022-07-08 19:45:43,60.1025,32.3019,60.48,80,99,3.96
419,Mumford,GH,2022-07-08 19:45:43,5.2618,-0.759,75.99,89,100,11.34
420,Acatic,MX,2022-07-08 19:45:43,20.7833,-102.8833,77.76,49,89,6.73
421,Mareeba,AU,2022-07-08 19:45:43,-17.0,145.4333,56.44,92,0,2.19
422,Las Palmas,ES,2022-07-08 19:45:44,28.4204,-14.0131,74.19,78,20,16.11
423,Dunkirk,FR,2022-07-08 19:45:44,51.05,2.3667,67.08,77,22,3.36
424,Pangnirtung,CA,2022-07-08 19:45:44,66.1451,-65.7125,44.6,93,75,10.36
425,Kindu,CD,2022-07-08 19:45:45,-2.95,25.95,74.03,38,3,1.07
426,Rangapara,IN,2022-07-08 19:45:45,26.8167,92.65,78.4,94,77,0.85
427,Verkhniye Tatyshly,RU,2022-07-08 19:45:45,56.2912,55.8575,63.54,86,0,2.39
428,Teya,RU,2022-07-08 19:41:17,60.3778,92.6267,56.79,75,100,2.44
429,Abnub,EG,2022-07-08 19:45:45,27.2696,31.1511,91.62,27,75,7.63
430,Touros,BR,2022-07-08 19:45:46,-5.1989,-35.4608,76.23,87,25,15.35
431,Oranjestad,AW,2022-07-08 19:45:46,12.524,-70.027,87.75,62,40,23.02
432,Socorro,US,2022-07-08 19:45:46,31.6546,-106.3033,95.05,27,40,11.5
433,Paramonga,PE,2022-07-08 19:45:46,-10.6667,-77.8333,66.61,70,1,9.84
434,Kavieng,PG,2022-07-08 19:45:47,-2.5744,150.7967,81.77,79,99,16.33
435,Upata,VE,2022-07-08 19:45:47,8.0086,-62.3989,81.73,73,50,5.41
436,Ganta,LR,2022-07-08 19:45:47,7.3022,-8.5308,71.24,98,100,3.44
437,Sinnamary,GF,2022-07-08 19:45:47,5.3833,-52.95,82.47,75,35,8.52
438,Mezen,RU,2022-07-08 19:45:48,65.8522,44.24,54.64,71,0,7.85
439,Northam,GB,2022-07-08 19:45:48,51.0333,-4.2167,64.62,82,3,8.61
440,Tasiilaq,GL,2022-07-08 19:45:48,65.6145,-37.6368,46.56,91,92,6.8
441,Prescott,US,2022-07-08 19:43:23,34.54,-112.4685,95.95,20,1,3.0
442,Lyuban,BY,2022-07-08 19:45:49,52.7985,28.0048,57.61,76,15,3.6
443,Meadow Lake,US,2022-07-08 19:45:49,34.8014,-106.5436,94.59,26,4,1.86
444,Bilokurakyne,UA,2022-07-08 19:45:49,49.5341,38.7307,71.49,41,82,2.95
445,Varhaug,NO,2022-07-08 19:45:49,58.6147,5.6457,55.85,86,100,15.97
446,Denpasar,ID,2022-07-08 19:42:16,-8.65,115.2167,74.86,88,20,4.61
447,Pacific Grove,US,2022-07-08 19:45:50,36.6177,-121.9166,79.81,80,0,11.5
448,Nishihara,JP,2022-07-08 19:45:50,26.1842,127.7558,82.45,91,40,10.36
449,Teguldet,RU,2022-07-08 19:45:50,57.3064,88.1667,54.75,79,67,3.51
450,Coruripe,BR,2022-07-08 19:45:50,-10.1256,-36.1756,74.88,80,4,10.47
451,Itupiranga,BR,2022-07-08 19:45:51,-5.1347,-49.3267,91.72,55,89,2.75
452,Lasem,ID,2022-07-08 19:44:59,-6.6922,111.4527,72.54,80,1,7.27
453,Kampot,KH,2022-07-08 19:45:51,10.6167,104.1833,75.25,83,100,8.9
454,Pevek,RU,2022-07-08 19:41:19,69.7008,170.3133,50.02,88,96,26.91
455,Kuchinarai,TH,2022-07-08 19:45:51,16.541,104.05,74.57,98,100,5.73
456,Tecoanapa,MX,2022-07-08 19:45:52,16.5167,-98.75,86.04,67,39,10.0
457,Stawell,AU,2022-07-08 19:46:52,-37.05,142.7667,39.97,92,47,4.12
458,Belyy,RU,2022-07-08 19:46:52,55.8402,32.9419,59.2,76,82,1.52
459,College,US,2022-07-08 19:46:53,64.8569,-147.8028,75.2,57,40,4.61
460,Bayonet Point,US,2022-07-08 19:46:53,28.3267,-82.6834,95.14,79,52,1.99
461,Vestmannaeyjar,IS,2022-07-08 19:46:53,63.4427,-20.2734,50.99,87,20,14.97
462,Loikaw,MM,2022-07-08 19:46:53,19.6742,97.2094,67.78,95,100,3.27
463,Uptar,RU,2022-07-08 19:46:54,59.75,150.9167,48.83,95,100,2.46
464,Lata,PT,2022-07-08 19:46:54,40.1629,-8.3327,78.21,32,0,3.09
465,South Houston,US,2022-07-08 19:46:54,29.663,-95.2355,102.33,53,40,8.05
466,Duku,NG,2022-07-08 19:46:54,11.2361,4.9073,74.62,87,100,8.75
467,Lincoln,US,2022-07-08 19:44:34,40.8,-96.667,83.34,72,75,11.5
468,Ostrovnoy,RU,2022-07-08 19:46:12,68.0531,39.5131,54.66,85,97,12.35
469,Male,MV,2022-07-08 19:46:55,4.1748,73.5089,84.15,74,75,16.11
470,Superior,US,2022-07-08 19:46:55,46.7208,-92.1041,79.48,56,0,16.11
471,Mana,GF,2022-07-08 19:46:55,5.6592,-53.7767,82.4,73,72,8.77
472,Maridi,SS,2022-07-08 19:46:56,4.9158,29.4742,67.1,95,88,3.2
473,Bani Walid,LY,2022-07-08 19:46:56,31.7566,13.9942,79.77,57,0,13.76
474,San Vicente,AR,2022-07-08 19:46:56,-26.6167,-54.1333,72.19,57,66,3.83
475,Azovo,RU,2022-07-08 19:46:57,54.6997,73.0237,67.75,86,30,8.23
476,Ninghai,CN,2022-07-08 19:46:57,29.2892,121.4247,78.66,88,89,3.06
477,Adrar,MR,2022-07-08 19:46:57,20.5022,-10.0711,100.74,18,30,3.13
478,Flin Flon,CA,2022-07-08 19:46:58,54.7682,-101.865,69.64,56,100,6.91
479,Beloha,MG,2022-07-08 19:46:58,-25.1667,45.05,64.09,71,0,9.28
480,Murud,IN,2022-07-08 19:46:58,18.3258,72.965,79.95,86,100,16.33
481,Zyryanskoye,RU,2022-07-08 19:46:58,56.8306,86.6258,55.99,82,31,3.83
482,Sulangan,PH,2022-07-08 19:46:59,11.1373,123.7228,82.29,76,100,6.62
483,Lannion,FR,2022-07-08 19:46:59,48.75,-3.4167,67.98,68,0,5.75
484,High Level,CA,2022-07-08 19:46:59,58.5169,-117.136,69.91,73,75,12.66
485,Huilong,CN,2022-07-08 19:46:59,31.8111,121.655,79.68,90,66,4.63
486,Grindavik,IS,2022-07-08 19:47:00,63.8424,-22.4338,51.75,76,75,8.05
487,Atambua,ID,2022-07-08 19:47:00,-9.1061,124.8925,69.57,89,33,5.53
488,Acari,PE,2022-07-08 19:47:00,-15.4311,-74.6158,76.44,44,8,6.58
489,Edd,ER,2022-07-08 19:47:01,13.9297,41.6925,89.82,67,100,7.7
490,Kihei,US,2022-07-08 19:47:01,20.785,-156.4656,81.97,78,40,20.71
491,Siuna,NI,2022-07-08 19:47:01,13.7332,-84.7773,82.65,78,24,5.48
492,Emerald,AU,2022-07-08 19:44:29,-23.5333,148.1667,45.34,75,0,9.13
493,Nuuk,GL,2022-07-08 19:47:02,64.1835,-51.7216,54.21,66,20,5.75
494,Mayor Pablo Lagerenza,PY,2022-07-08 19:47:02,-19.9309,-60.7718,93.11,27,44,12.03
495,Saraland,US,2022-07-08 19:47:02,30.8207,-88.0706,94.55,67,100,6.33
496,Daloa,CI,2022-07-08 19:47:03,6.8774,-6.4502,72.43,97,98,3.91
497,Prainha,BR,2022-07-08 19:47:03,-1.8,-53.48,79.66,85,92,4.68
498,Chandur Bazar,IN,2022-07-08 19:47:03,21.2417,77.7456,77.58,87,100,7.47
499,Shahrud,IR,2022-07-08 19:47:04,36.4182,54.9763,72.36,42,0,9.82
500,Skibbereen,IE,2022-07-08 19:48:04,51.55,-9.2667,64.8,82,0,4.99
501,Margate,GB,2022-07-08 19:48:05,51.3813,1.3862,70.88,63,45,3.0
502,Ouidah,BJ,2022-07-08 19:48:05,6.3631,2.0851,78.66,84,100,13.0
503,Yumen,CN,2022-07-08 19:48:05,40.2833,97.2,73.99,17,94,6.91
504,Asau,RO,2022-07-08 19:48:06,46.4333,26.4,61.72,72,88,6.26
505,Kasangulu,CD,2022-07-08 19:48:06,-4.5911,15.1708,75.33,61,100,7.49
506,Petropavlovsk-Kamchatskiy,RU,2022-07-08 19:43:55,53.0452,158.6483,64.78,77,0,6.71
507,Wukari,NG,2022-07-08 19:48:06,7.85,9.7833,78.15,79,96,7.47
508,Sault Sainte Marie,CA,2022-07-08 19:44:18,46.5168,-84.3333,73.69,53,0,13.8
509,Vao,NC,2022-07-08 19:48:07,-22.6667,167.4833,74.3,88,0,7.87
510,Disraeli,CA,2022-07-08 19:46:07,45.9001,-71.3491,68.27,74,87,8.84
511,Thinadhoo,MV,2022-07-08 19:48:07,0.5333,72.9333,82.33,75,93,5.84
512,Ofaqim,IL,2022-07-08 19:48:07,31.3141,34.6203,76.64,69,3,3.69
513,Dakar,SN,2022-07-08 19:48:08,14.6937,-17.4441,85.08,74,20,9.22
514,Quatre Cocos,MU,2022-07-08 19:48:08,-20.2078,57.7625,68.11,64,80,20.87
515,Lompoc,US,2022-07-08 19:45:00,34.6391,-120.4579,89.69,66,0,11.5
516,Sao Lourenco Do Oeste,BR,2022-07-08 19:48:08,-26.3592,-52.8511,66.06,76,51,4.79
517,Sorland,NO,2022-07-08 19:48:09,67.667,12.6934,51.66,92,100,19.64
518,Karratha,AU,2022-07-08 19:47:27,-20.7377,116.8463,61.11,27,0,11.14
519,Sinop,TR,2022-07-08 19:48:09,41.7711,34.8709,64.8,60,6,3.36
520,Ashqelon,IL,2022-07-08 19:48:09,31.6693,34.5715,80.82,73,3,2.84
521,Alberton,CA,2022-07-08 19:48:09,46.8168,-64.0654,71.51,75,75,12.24
522,Humboldt,US,2022-07-08 19:43:47,40.6665,-123.9178,64.13,43,3,7.43
523,Yibin,CN,2022-07-08 19:48:10,28.7667,104.6238,79.86,84,0,2.33
524,Ko Samui,TH,2022-07-08 19:48:10,9.5357,99.9357,82.06,74,100,15.5
525,Gat,IL,2022-07-08 19:48:10,31.61,34.7642,80.4,74,3,2.39
526,San Juan,AR,2022-07-08 19:44:02,-31.5375,-68.5364,62.04,21,0,11.27
527,Yeppoon,AU,2022-07-08 19:48:11,-23.1333,150.7333,42.58,67,0,6.91
528,La Tuque,CA,2022-07-08 19:48:11,47.4334,-72.7824,70.05,49,11,16.11
529,Mathbaria,BD,2022-07-08 19:48:11,22.2876,89.9593,79.3,89,6,6.55
530,Sorong,ID,2022-07-08 19:48:12,-0.8833,131.25,76.39,89,100,0.76
531,Mandalgovi,MN,2022-07-08 19:48:12,45.7625,106.2708,61.47,52,92,5.23
532,Johnson City,US,2022-07-08 19:48:12,36.3134,-82.3535,88.81,67,75,4.61
533,Carsamba,TR,2022-07-08 19:48:12,41.1989,36.7219,74.79,94,40,1.14
534,Port Blair,IN,2022-07-08 19:48:13,11.6667,92.75,81.9,83,95,13.73
535,Sola,VU,2022-07-08 19:48:13,-13.8833,167.55,79.2,81,49,17.9
536,Belomorsk,RU,2022-07-08 19:48:13,64.5232,34.7668,60.55,56,99,7.38
537,Kumano,JP,2022-07-08 19:48:14,34.3442,132.5894,76.12,95,89,1.39
538,Ulaanbaatar,MN,2022-07-08 19:48:14,47.9077,106.8832,48.33,87,40,2.24
539,Ottawa,CA,2022-07-08 19:44:27,45.4112,-75.6981,77.99,50,75,14.97
540,Bambanglipuro,ID,2022-07-08 19:48:14,-7.95,110.2833,71.73,82,8,3.62
541,Corn Island,NI,2022-07-08 19:48:15,12.1694,-83.0418,81.72,83,100,19.22
542,Jieshi,CN,2022-07-08 19:48:15,22.8134,115.8257,80.94,87,3,7.25
543,Ergolding,DE,2022-07-08 19:48:15,48.5833,12.1667,62.29,78,18,5.75
544,Alvorada,BR,2022-07-08 19:44:33,-12.48,-49.1247,91.76,22,0,6.2
545,Hobyo,SO,2022-07-08 19:48:16,5.3505,48.5268,75.22,80,100,30.47
546,Changji,CN,2022-07-08 19:49:16,44.0167,87.3167,74.19,28,0,6.71
547,Talnakh,RU,2022-07-08 19:49:16,69.4865,88.3972,51.21,86,100,5.75
548,Sao Gabriel Da Cachoeira,BR,2022-07-08 19:49:17,-0.1303,-67.0892,85.8,74,40,8.05
549,Nurota,UZ,2022-07-08 19:49:17,40.5614,65.6886,74.01,29,10,10.63
550,Tiarei,PF,2022-07-08 19:49:17,-17.5333,-149.3333,78.82,71,5,5.77
551,Hede,CN,2022-07-08 19:49:17,33.7681,120.2517,78.12,91,0,2.98
552,Los Llanos De Aridane,ES,2022-07-08 19:49:18,28.6585,-17.9182,74.12,77,0,20.71
553,Trairi,BR,2022-07-08 19:48:16,-3.2778,-39.2689,78.12,84,14,12.39
554,Belgaum,IN,2022-07-08 19:49:18,15.8667,74.5,69.35,93,100,12.93
555,Kez,RU,2022-07-08 19:49:19,57.8979,53.7152,62.82,95,34,4.74
556,Aksu,CN,2022-07-08 19:49:19,41.1231,80.2644,78.28,37,73,10.36
557,Hovd,MN,2022-07-08 19:49:19,48.0056,91.6419,61.95,45,5,1.19
558,Bayji,IQ,2022-07-08 19:49:19,34.9311,43.487,95.2,17,0,9.53
559,Kununurra,AU,2022-07-08 19:49:20,-15.7667,128.7333,46.38,76,44,1.14
560,Pasighat,IN,2022-07-08 19:49:20,28.0667,95.3333,76.87,96,79,3.02
561,Wenling,CN,2022-07-08 19:49:20,28.3669,121.36,77.97,93,86,4.97
562,Oum Hadjer,TD,2022-07-08 19:49:20,13.2954,19.6966,76.87,69,100,26.53
563,Midlothian,US,2022-07-08 19:44:28,32.4824,-96.9945,106.68,32,40,5.99
564,Goderich,CA,2022-07-08 19:48:03,43.7501,-81.7165,70.92,73,100,11.5
565,Sabha,LY,2022-07-08 19:49:21,27.0377,14.4283,92.73,16,1,9.66
566,Onokhino,RU,2022-07-08 19:49:21,56.925,65.5394,61.12,79,14,2.73
567,Mudgee,AU,2022-07-08 19:49:21,-32.5943,149.5871,35.33,96,7,4.09
568,Tabory,RU,2022-07-08 19:49:22,58.5198,64.5495,61.48,79,3,3.91
569,Staraya Poltavka,RU,2022-07-08 19:49:22,50.4772,46.4814,73.76,36,0,6.91
570,Havelock,US,2022-07-08 19:49:22,34.8791,-76.9013,90.95,81,75,5.99
571,Kabare,CD,2022-07-08 19:49:23,-2.4683,28.8242,62.73,63,77,1.79
572,Turukhansk,RU,2022-07-08 19:49:23,65.8167,87.9833,55.98,94,100,7.2
573,Suhbaatar,MN,2022-07-08 19:49:23,50.2314,106.2078,56.57,91,99,2.91
574,Manzhouli,CN,2022-07-08 19:49:23,49.6,117.4333,54.21,89,100,21.07
575,Severomuysk,RU,2022-07-08 19:49:24,56.1481,113.4267,48.63,74,100,4.54
576,Carbonear,CA,2022-07-08 19:47:36,47.7332,-53.2148,68.13,65,98,6.24
